model,window,mean,std,n
cnn,50,0.11083894738082278,0.005451892322079235,3
lstm,50,0.113798734847239,0.02571008280237985,3
mlp,50,0.06517203089014288,0.011100521323007024,3
transformer,50,0.11513687655326661,0.01413766996671449,3
