model,window,mean,std,n
cnn,50,0.2776123585493755,0.18423330924833392,6
lstm,50,0.2808378369031726,0.18409893456747103,6
mlp,50,0.24494592877814245,0.19738323855519313,6
transformer,50,0.2861471315465122,0.19149795381796073,6
