model,window,mean,std,n
cnn,100,0.22704641451252827,0.1325266701008616,6
lstm,100,0.25799742532295805,0.1698947563222285,6
mlp,100,0.20468167484285668,0.1094851971750958,6
transformer,100,0.28572139675601804,0.1921328430385357,6
