model,Fruits,Herbs,Nuts,Spices,Vegetables
cnn,63.63636363636363,56.12244897959183,49.532710280373834,58.16326530612245,37.0
lstm,55.55555555555556,57.14285714285714,69.1588785046729,54.08163265306123,53.0
mlp,18.181818181818183,27.55102040816326,31.775700934579437,34.69387755102041,22.0
transformer,62.62626262626263,56.12244897959183,54.20560747663551,58.16326530612245,50.0
