model,Fruits,Herbs,Nuts,Spices,Vegetables
cnn,64.64646464646465,54.08163265306123,63.55140186915887,61.224489795918366,42.0
lstm,66.66666666666666,52.04081632653062,54.20560747663551,54.08163265306123,54.0
mlp,20.2020202020202,40.816326530612244,22.429906542056074,37.755102040816325,20.0
transformer,61.61616161616161,59.183673469387756,53.271028037383175,63.26530612244898,56.00000000000001
