model,window,mean,std,n
cnn,100,0.10708019221332711,0.0202892882057072,3
lstm,100,0.10579978235501587,0.01165756665757586,3
mlp,100,0.10833689050614063,0.012367683142355064,3
transformer,100,0.11229667617867996,0.041646215563559644,3
