model,Fruits,Herbs,Nuts,Spices,Vegetables
cnn,61.21495327102804,48.837209302325576,43.47826086956522,51.41509433962265,25.0
lstm,60.280373831775705,52.55813953488372,61.30434782608696,50.0,41.9811320754717
mlp,20.5607476635514,26.046511627906977,22.17391304347826,28.77358490566038,21.69811320754717
transformer,60.280373831775705,52.093023255813954,47.82608695652174,50.47169811320755,44.339622641509436
