model,Fruits,Herbs,Nuts,Spices,Vegetables
cnn,51.4018691588785,46.97674418604651,44.34782608695652,58.490566037735846,33.9622641509434
lstm,58.87850467289719,40.46511627906977,53.04347826086957,60.84905660377359,40.09433962264151
mlp,13.839285714285715,15.555555555555555,22.5,27.47747747747748,30.630630630630627
transformer,56.54205607476636,41.86046511627907,54.347826086956516,52.83018867924528,47.16981132075472
